{"cameraMode":{"drawMode":0,"name":"Shaded","section":"Shading Mode"},"sceneLighting":true,"audioPlay":false,"sceneViewState":{"m_AlwaysRefresh":false,"showFog":true,"showSkybox":true,"showFlares":true,"showImageEffects":true,"showParticleSystems":true,"showVisualEffectGraphs":true,"m_FxEnabled":true},"in2DMode":false,"pivot":{"x":-22.454845428466798,"y":-0.8919506072998047,"z":3.9102108478546144},"rotation":{"x":-0.12496170401573181,"y":0.043738022446632388,"z":-0.005510199349373579,"w":-0.9912005066871643},"size":8.427826881408692,"orthographic":false}